timestamp,frame,session_id,lecture_id,course_id,face_detected,confidence,status,engagement_score,gaze_0_x,gaze_0_y,gaze_0_z,gaze_1_x,gaze_1_y,gaze_1_z,gaze_angle_x,gaze_angle_y,pose_Tx,pose_Ty,pose_Tz,pose_Rx,pose_Ry,pose_Rz,AU01_r,AU02_r,AU04_r,AU05_r,AU06_r,AU07_r,AU09_r,AU10_r,AU12_r,AU14_r,AU15_r,AU17_r,AU20_r,AU23_r,AU25_r,AU26_r,AU45_r,smile_intensity,confusion_level,drowsiness_level
2025-11-24T18:08:19.670413,1,student_4_lec_2a96290c_96318c89,lec_2a96290c,cv101,1,0.95,engaged,58.77,-0.0035,-0.0064,-0.0033,0.0001,0.0024,-0.0028,21.91,10.87,-791.67,-702.54,-3277.49,-178.54,-59.27,-138.77,4.72,3.62,0.28,2.84,2.52,2.16,1.82,2.73,1.23,0.86,3.77,2.33,1.02,2.59,2.41,1.84,0.0,1.88,2.87,0
2025-11-24T18:08:20.582799,2,student_4_lec_2a96290c_96318c89,lec_2a96290c,cv101,1,0.95,engaged,71.3,-0.0023,-0.0067,-0.0042,0.0027,0.0069,-0.0037,-3.52,-1.69,-741.93,-678.26,-3100.45,-176.3,-53.02,-140.3,5.0,4.09,0.0,2.81,2.66,2.19,1.96,2.58,1.48,1.04,3.52,3.66,1.23,3.24,1.76,2.37,0.0,2.07,3.03,0
2025-11-24T18:08:21.637257,3,student_4_lec_2a96290c_96318c89,lec_2a96290c,cv101,1,0.95,engaged,74.0,-0.0018,-0.0064,-0.0042,0.0015,0.0061,-0.0038,0.85,-0.72,683.89,615.26,2776.02,-174.09,-17.7,36.35,4.98,3.84,0.02,3.2,2.74,1.8,1.98,2.84,1.89,1.33,3.11,5.0,1.58,2.68,2.32,3.04,0.0,2.31,2.95,0
2025-11-24T18:08:22.690724,4,student_4_lec_2a96290c_96318c89,lec_2a96290c,cv101,1,0.95,partially_engaged,48.95,-0.0019,-0.0064,-0.0042,-0.001,-0.0029,-0.0038,-160.03,-132.75,682.01,623.64,2776.05,-174.15,-18.71,35.45,5.0,4.13,0.0,3.01,2.76,1.99,2.0,2.82,1.78,1.25,3.22,5.0,1.49,2.6,2.4,3.06,0.0,2.27,3.04,0
2025-11-24T18:08:23.750112,5,student_4_lec_2a96290c_96318c89,lec_2a96290c,cv101,1,0.95,partially_engaged,48.34,0.0025,-0.0035,-0.0042,-0.0051,-0.004,-0.0038,11.68,-136.74,685.32,628.3,2790.43,-172.88,-20.13,35.95,5.0,4.15,0.0,2.92,2.69,2.08,2.01,2.84,1.76,1.23,3.24,4.79,1.47,2.64,2.36,2.94,0.0,2.23,3.05,0
2025-11-24T18:08:24.803094,6,student_4_lec_2a96290c_96318c89,lec_2a96290c,cv101,1,0.95,partially_engaged,48.46,0.0004,-0.0042,-0.0044,-0.0031,-0.0012,-0.0039,16.27,-149.39,678.92,626.26,2754.49,-172.69,-17.98,35.59,5.0,4.26,0.0,2.91,2.72,2.09,2.04,2.88,1.83,1.28,3.17,4.83,1.53,2.69,2.31,2.97,0.0,2.28,3.09,0
2025-11-24T18:08:25.865547,7,student_4_lec_2a96290c_96318c89,lec_2a96290c,cv101,1,0.95,partially_engaged,48.08,0.0015,-0.0034,-0.0043,0.0001,0.0049,-0.0039,169.6,-6.54,682.76,632.65,2777.48,-172.82,-18.41,36.45,5.0,4.23,0.0,2.91,2.61,2.09,1.98,2.94,1.78,1.25,3.22,4.86,1.49,2.64,2.36,3.01,0.0,2.19,3.08,0
2025-11-24T18:08:26.918245,8,student_4_lec_2a96290c_96318c89,lec_2a96290c,cv101,1,0.95,partially_engaged,49.99,0.0018,-0.0034,-0.0044,-0.0065,-0.0039,-0.0039,18.2,-138.8,691.84,636.7,2740.47,-171.84,-18.08,36.21,5.0,4.07,0.0,3.24,2.71,1.76,2.08,2.76,1.87,1.31,3.13,4.74,1.56,2.74,2.26,2.87,0.0,2.29,3.02,0
2025-11-24T18:08:28.008019,9,student_4_lec_2a96290c_96318c89,lec_2a96290c,cv101,1,0.95,partially_engaged,49.62,0.0017,-0.0045,-0.0043,-0.0084,-0.0042,-0.0039,21.67,-132.95,698.8,632.19,2735.07,-172.21,-18.07,34.64,5.0,4.08,0.0,3.12,2.72,1.88,2.05,2.93,1.94,1.36,3.06,4.98,1.62,2.59,2.41,3.04,0.0,2.33,3.03,0
2025-11-24T18:08:29.035359,10,student_4_lec_2a96290c_96318c89,lec_2a96290c,cv101,1,0.95,partially_engaged,48.21,0.0006,-0.0034,-0.0044,-0.0024,-0.0056,-0.004,11.78,-134.13,675.81,634.59,2732.08,-170.64,-17.22,34.67,5.0,4.35,0.0,2.93,2.56,2.07,2.0,2.94,1.9,1.33,3.1,4.74,1.59,3.06,1.94,2.93,0.0,2.23,3.12,0
2025-11-24T18:08:30.028451,11,student_4_lec_2a96290c_96318c89,lec_2a96290c,cv101,1,0.95,partially_engaged,48.48,0.0001,-0.0043,-0.0043,-0.0054,-0.0079,-0.0039,26.45,-125.83,668.1,643.31,2780.22,-171.92,-16.22,35.08,5.0,4.18,0.0,2.97,2.61,2.03,1.94,3.13,1.84,1.29,3.16,4.54,1.54,2.59,2.41,2.97,0.0,2.23,3.06,0
2025-11-24T18:08:31.084672,12,student_4_lec_2a96290c_96318c89,lec_2a96290c,cv101,1,0.95,engaged,60.33,0.0004,-0.0058,-0.0042,-0.0003,0.0005,-0.0037,-0.01,23.48,-713.79,-675.32,-2948.11,-170.29,-56.1,-148.03,5.0,4.32,0.0,2.9,2.77,2.1,2.03,2.87,1.72,1.2,3.28,4.67,1.43,2.43,2.57,2.88,0.0,2.25,3.11,0
2025-11-24T18:08:32.131142,13,student_4_lec_2a96290c_96318c89,lec_2a96290c,cv101,1,0.95,partially_engaged,49.44,-0.0006,-0.0048,-0.0043,-0.0021,0.0009,-0.0039,-161.66,17.24,661.27,640.26,2776.71,-173.11,-19.21,34.36,5.0,4.15,0.0,3.1,2.79,1.9,2.03,2.97,1.8,1.26,3.2,4.74,1.5,2.73,2.27,2.96,0.0,2.29,3.05,0
2025-11-24T18:08:33.190600,14,student_4_lec_2a96290c_96318c89,lec_2a96290c,cv101,1,0.95,partially_engaged,49.83,-0.0016,-0.006,-0.0043,-0.0019,-0.0001,-0.0039,-157.06,-152.34,-701.14,-669.19,-2936.78,-170.62,-53.04,-148.1,5.0,4.16,0.0,3.24,2.68,1.76,2.04,3.16,1.84,1.29,3.16,4.52,1.53,2.52,2.48,2.94,0.0,2.26,3.05,0
2025-11-24T18:08:34.192240,15,student_4_lec_2a96290c_96318c89,lec_2a96290c,cv101,1,0.95,partially_engaged,49.98,-0.0013,-0.0061,-0.0042,-0.0021,-0.0002,-0.0038,-157.08,-150.59,665.31,643.37,2768.04,-173.02,-19.61,34.59,5.0,4.07,0.0,3.24,2.73,1.76,2.03,2.93,1.83,1.28,3.17,4.74,1.52,2.71,2.29,2.92,0.0,2.28,3.02,0
2025-11-24T18:08:35.237156,16,student_4_lec_2a96290c_96318c89,lec_2a96290c,cv101,1,0.95,partially_engaged,49.27,-0.0023,-0.007,-0.0043,-0.0011,-0.001,-0.0039,-158.27,-143.57,663.74,638.35,2758.69,-172.78,-18.8,34.71,5.0,3.95,0.0,3.02,2.77,1.98,2.06,2.78,1.88,1.32,3.12,4.79,1.57,2.7,2.3,2.89,0.0,2.33,2.98,0
2025-11-24T18:08:36.301321,17,student_4_lec_2a96290c_96318c89,lec_2a96290c,cv101,1,0.95,engaged,50.6,-0.0014,-0.0059,-0.0042,-0.0012,-0.0046,-0.0038,-161.73,-127.47,680.28,651.55,2762.47,-171.76,-20.45,33.59,5.0,4.21,0.0,3.34,2.79,1.66,2.13,2.56,1.88,1.31,3.12,4.89,1.56,2.83,2.17,2.81,0.0,2.33,3.07,0
2025-11-24T18:08:37.362371,18,student_4_lec_2a96290c_96318c89,lec_2a96290c,cv101,1,0.95,engaged,51.01,-0.0024,-0.0068,-0.0042,-0.0029,-0.0049,-0.0037,-145.88,-124.13,-723.03,-673.51,-2914.19,-169.44,-56.71,-149.35,5.0,3.92,0.0,3.44,2.75,1.56,2.12,2.75,1.87,1.31,3.13,4.79,1.56,2.73,2.27,2.84,0.0,2.31,2.97,0
2025-11-24T18:08:38.408250,19,student_4_lec_2a96290c_96318c89,lec_2a96290c,cv101,1,0.95,partially_engaged,47.27,-0.0025,-0.0068,-0.0041,-0.0071,0.0019,-0.0037,-133.25,15.84,663.23,689.33,2960.39,-175.19,-15.06,33.2,4.85,3.81,0.15,2.71,2.51,2.29,1.92,2.82,1.88,1.31,3.12,5.0,1.56,2.47,2.53,3.13,0.0,2.19,2.94,0
2025-11-24T18:08:39.461126,20,student_4_lec_2a96290c_96318c89,lec_2a96290c,cv101,1,0.95,partially_engaged,47.56,-0.0028,-0.0038,-0.0043,-0.0029,-0.0031,-0.0039,-144.75,-140.04,545.55,568.35,3032.41,178.34,2.73,31.67,4.31,3.46,0.69,2.56,2.68,2.44,1.58,3.17,2.08,1.46,2.92,5.0,1.74,2.22,2.78,3.84,0.0,2.38,2.82,0
2025-11-24T18:08:40.519476,21,student_4_lec_2a96290c_96318c89,lec_2a96290c,cv101,1,0.95,partially_engaged,47.74,-0.0042,-0.0053,-0.0043,-0.0059,0.0009,-0.004,-129.57,19.39,597.58,621.79,3030.8,-176.37,-11.65,29.25,4.65,3.72,0.35,2.61,2.73,2.39,1.9,2.83,2.04,1.42,2.96,5.0,1.7,2.65,2.35,3.43,0.0,2.38,2.91,0
2025-11-24T18:08:41.587128,22,student_4_lec_2a96290c_96318c89,lec_2a96290c,cv101,1,0.95,partially_engaged,46.05,-0.0047,-0.0057,-0.0039,-0.0057,-0.0048,-0.0036,-125.78,-125.38,594.19,648.79,3127.4,-178.84,-12.15,31.99,4.58,3.67,0.42,2.33,2.7,2.67,1.84,2.79,1.8,1.26,3.2,5.0,1.5,2.71,2.29,3.32,0.0,2.25,2.89,0.34
2025-11-24T18:08:42.645328,23,student_4_lec_2a96290c_96318c89,lec_2a96290c,cv101,1,0.95,partially_engaged,45.73,-0.002,-0.0038,-0.0038,-0.0031,-0.0029,-0.0035,-145.38,-137.74,560.15,657.79,3193.24,-178.9,-13.04,33.73,4.61,3.73,0.39,2.32,2.62,2.68,1.8,2.33,1.77,1.24,3.23,5.0,1.47,2.37,2.63,3.14,0.0,2.2,2.91,0.36
2025-11-24T18:08:43.711930,24,student_4_lec_2a96290c_96318c89,lec_2a96290c,cv101,1,0.95,engaged,69.01,-0.002,-0.001,-0.0037,0.0003,0.0005,-0.0035,11.63,3.55,466.82,651.73,3303.89,-179.42,-3.16,29.03,4.35,3.61,0.65,2.17,2.5,2.83,1.71,2.87,1.89,1.32,3.11,5.0,1.57,2.1,2.9,3.48,0.0,2.19,2.87,0.66
2025-11-24T18:08:44.755487,25,student_4_lec_2a96290c_96318c89,lec_2a96290c,cv101,1,0.95,engaged,71.13,0.0,-0.0036,-0.0039,-0.0011,0.0028,-0.0036,8.5,2.58,601.34,638.85,3222.0,179.07,-16.41,32.93,4.31,3.37,0.69,2.62,2.68,2.38,1.83,2.95,1.68,1.17,3.32,5.0,1.4,2.1,2.9,3.3,0.0,2.18,2.79,0
2025-11-24T18:08:45.811077,26,student_4_lec_2a96290c_96318c89,lec_2a96290c,cv101,1,0.95,partially_engaged,46.71,-0.0016,-0.0031,-0.004,-0.0,-0.0014,-0.0037,-168.8,-151.25,587.23,632.56,3155.76,-177.82,-12.04,30.38,4.68,3.82,0.32,2.43,2.79,2.57,1.88,2.81,1.82,1.27,3.18,5.0,1.52,2.36,2.64,3.3,0.0,2.31,2.94,0.14
2025-11-24T18:08:46.872361,27,student_4_lec_2a96290c_96318c89,lec_2a96290c,cv101,1,0.95,partially_engaged,48.48,-0.0034,-0.0043,-0.0042,-0.003,-0.0022,-0.0039,-141.38,-142.43,553.01,619.69,3076.86,-177.08,-11.9,28.46,4.55,3.65,0.45,2.68,2.9,2.32,1.94,2.64,2.01,1.41,2.99,5.0,1.67,2.36,2.64,3.34,0.0,2.46,2.88,0
2025-11-24T18:08:47.926628,28,student_4_lec_2a96290c_96318c89,lec_2a96290c,cv101,1,0.95,partially_engaged,49.81,-0.0003,-0.0038,-0.0041,-0.0007,0.0019,-0.0038,-172.09,8.44,570.24,620.19,3078.22,-179.14,-11.92,30.18,4.23,3.29,0.77,2.98,2.87,2.02,1.9,2.88,2.01,1.41,2.99,5.0,1.68,2.71,2.29,3.42,0.0,2.44,2.76,0
2025-11-24T18:08:48.990545,29,student_4_lec_2a96290c_96318c89,lec_2a96290c,cv101,1,0.95,engaged,73.39,0.0001,-0.0036,-0.004,-0.0001,0.0015,-0.0037,0.0,9.85,566.02,619.07,3059.29,-178.24,-12.7,30.41,4.35,3.4,0.65,2.9,2.9,2.1,1.86,3.16,1.95,1.37,3.05,5.0,1.63,2.18,2.82,3.48,0.0,2.42,2.8,0
2025-11-24T18:08:50.046912,30,student_4_lec_2a96290c_96318c89,lec_2a96290c,cv101,1,0.95,partially_engaged,48.73,-0.0027,-0.0044,-0.0041,-0.0016,0.0001,-0.0038,-151.76,22.7,562.57,617.8,3061.46,-177.57,-8.19,30.06,4.46,3.53,0.54,2.75,2.87,2.25,1.86,2.98,2.0,1.4,3.0,5.0,1.66,2.58,2.42,3.45,0.0,2.44,2.84,0
2025-11-24T18:08:51.091091,31,student_4_lec_2a96290c_96318c89,lec_2a96290c,cv101,1,0.95,partially_engaged,49.36,-0.0034,-0.0055,-0.0041,-0.0011,0.0002,-0.0038,-151.92,24.94,562.06,625.23,3098.78,-176.85,-10.32,29.33,4.31,3.4,0.69,2.91,2.87,2.09,1.93,2.96,1.95,1.37,3.05,5.0,1.63,2.6,2.4,3.33,0.0,2.41,2.8,0
2025-11-24T18:08:52.160030,32,student_4_lec_2a96290c_96318c89,lec_2a96290c,cv101,1,0.95,partially_engaged,49.05,-0.0021,-0.0046,-0.0041,0.0001,-0.0003,-0.0038,12.66,-153.79,557.56,614.73,3053.13,-177.26,-11.64,29.55,4.38,3.49,0.62,2.79,2.95,2.21,1.91,2.88,1.96,1.37,3.04,5.0,1.63,2.59,2.41,3.34,0.0,2.46,2.83,0
2025-11-24T18:08:53.206307,33,student_4_lec_2a96290c_96318c89,lec_2a96290c,cv101,1,0.95,partially_engaged,49.07,-0.0029,-0.004,-0.0041,-0.0006,-0.0017,-0.0038,-157.79,-146.3,560.63,624.11,3086.34,-177.11,-10.57,29.24,4.27,3.38,0.73,2.83,2.87,2.17,1.92,2.77,1.98,1.39,3.02,5.0,1.65,2.64,2.36,3.29,0.0,2.42,2.79,0
2025-11-24T18:08:54.261942,34,student_4_lec_2a96290c_96318c89,lec_2a96290c,cv101,1,0.95,partially_engaged,49.56,-0.0048,-0.0067,-0.0041,0.0,-0.0021,-0.0038,24.53,-136.25,544.92,618.92,3045.19,-176.63,-10.38,30.22,4.33,3.38,0.67,2.92,2.91,2.08,1.89,2.95,1.97,1.38,3.03,5.0,1.64,2.65,2.35,3.34,0.0,2.44,2.79,0
2025-11-24T18:08:55.318700,35,student_4_lec_2a96290c_96318c89,lec_2a96290c,cv101,1,0.95,engaged,61.3,-0.0034,-0.0047,-0.0041,0.0038,0.0006,-0.0038,-2.53,19.8,540.42,622.25,3044.7,-176.86,-11.67,30.61,4.37,3.42,0.63,2.91,2.85,2.09,1.86,3.12,1.95,1.36,3.05,5.0,1.62,2.25,2.75,3.39,0.0,2.4,2.81,0
2025-11-24T18:08:56.318883,36,student_4_lec_2a96290c_96318c89,lec_2a96290c,cv101,1,0.95,engaged,50.18,-0.0039,-0.0067,-0.004,-0.0001,-0.0008,-0.0037,-157.31,-144.13,548.23,625.59,3034.47,-177.57,-12.13,30.68,4.31,3.36,0.69,3.08,2.92,1.92,1.91,3.12,1.92,1.34,3.08,5.0,1.6,2.54,2.46,3.36,0.0,2.42,2.79,0
2025-11-24T18:08:57.371670,37,student_4_lec_2a96290c_96318c89,lec_2a96290c,cv101,1,0.95,engaged,73.33,0.0017,-0.0032,-0.0042,-0.0029,0.0011,-0.0039,6.89,10.92,554.65,636.47,3080.08,-176.3,-10.2,31.25,4.57,3.63,0.43,3.05,2.71,1.95,1.88,2.96,1.88,1.32,3.12,5.0,1.57,2.75,2.25,3.31,0.0,2.29,2.88,0
2025-11-24T18:08:58.422235,38,student_4_lec_2a96290c_96318c89,lec_2a96290c,cv101,1,0.95,partially_engaged,47.78,-0.0016,-0.0047,-0.0042,-0.0024,-0.0001,-0.0038,-153.44,-155.08,539.88,633.1,3089.14,-175.83,-9.05,30.56,4.62,3.67,0.38,2.66,2.72,2.34,1.88,3.03,1.94,1.36,3.06,5.0,1.61,2.74,2.26,3.26,0.0,2.33,2.89,0
2025-11-24T18:08:59.494302,39,student_4_lec_2a96290c_96318c89,lec_2a96290c,cv101,1,0.95,partially_engaged,48.64,-0.0031,-0.0042,-0.004,-0.001,-0.0034,-0.0037,-153.59,-135.54,519.69,638.94,3122.68,-176.13,-11.66,29.06,4.39,3.48,0.61,2.74,2.81,2.26,1.92,2.79,2.06,1.44,2.94,5.0,1.71,2.92,2.08,3.21,0.0,2.44,2.83,0
2025-11-24T18:09:00.554855,40,student_4_lec_2a96290c_96318c89,lec_2a96290c,cv101,1,0.95,partially_engaged,49.55,-0.0043,-0.0051,-0.0041,-0.0038,-0.0033,-0.0038,-134.66,-134.07,516.29,635.93,3073.58,-176.97,-11.09,29.57,4.47,3.52,0.53,2.93,2.9,2.07,1.95,2.83,1.99,1.39,3.01,5.0,1.66,2.7,2.3,3.2,0.0,2.44,2.84,0
2025-11-24T18:09:01.602067,41,student_4_lec_2a96290c_96318c89,lec_2a96290c,cv101,1,0.95,partially_engaged,49.39,-0.0035,-0.0046,-0.004,-0.0021,-0.0036,-0.0037,-144.58,-133.76,519.41,631.64,3101.02,-178.63,-10.26,30.48,4.23,3.34,0.77,2.89,2.87,2.11,1.88,2.98,2.0,1.4,3.0,5.0,1.66,2.61,2.39,3.31,0.0,2.44,2.78,0
2025-11-24T18:09:02.667446,42,student_4_lec_2a96290c_96318c89,lec_2a96290c,cv101,1,0.95,partially_engaged,48.72,-0.0015,-0.0046,-0.0042,0.0011,-0.0003,-0.0038,1.56,-154.14,498.58,623.83,3020.87,-175.38,-12.34,27.86,4.6,3.65,0.4,2.72,2.92,2.28,2.03,2.79,2.02,1.42,2.98,5.0,1.69,2.47,2.53,3.33,0.0,2.47,2.88,0
2025-11-24T18:09:03.726452,43,student_4_lec_2a96290c_96318c89,lec_2a96290c,cv101,1,0.95,engaged,73.05,-0.0003,-0.0043,-0.0041,0.0015,0.0054,-0.0038,-8.62,-4.41,485.55,642.67,3086.22,-174.75,-8.69,27.91,4.57,3.64,0.43,2.85,2.82,2.15,1.97,2.88,2.04,1.43,2.96,5.0,1.7,2.76,2.24,3.34,0.0,2.43,2.88,0
2025-11-24T18:09:04.820704,44,student_4_lec_2a96290c_96318c89,lec_2a96290c,cv101,1,0.95,engaged,50.18,-0.0004,-0.0032,-0.0041,-0.0,0.0008,-0.0037,-176.95,12.54,501.62,640.99,3040.31,-174.32,-12.18,28.1,4.43,3.49,0.57,3.1,2.85,1.9,1.97,2.74,2.0,1.4,3.0,5.0,1.66,2.55,2.45,3.22,0.0,2.42,2.83,0
2025-11-24T18:09:05.840129,45,student_4_lec_2a96290c_96318c89,lec_2a96290c,cv101,1,0.95,engaged,71.86,0.0018,-0.0021,-0.0041,-0.0009,0.0025,-0.0038,-5.55,-3.14,497.35,639.64,3054.79,-175.39,-10.17,28.16,4.67,3.75,0.33,2.5,2.96,2.5,1.95,2.85,2.03,1.42,2.97,5.0,1.69,2.71,2.29,3.31,0.0,2.5,2.92,0
2025-11-24T18:09:06.886765,46,student_4_lec_2a96290c_96318c89,lec_2a96290c,cv101,1,0.95,engaged,50.22,-0.0012,-0.0039,-0.0041,-0.0014,-0.0023,-0.0037,-161.14,-142.37,505.41,633.2,3014.28,-174.7,-13.94,28.26,4.41,3.49,0.59,3.1,2.93,1.9,1.99,2.74,1.9,1.33,3.1,5.0,1.58,2.42,2.58,3.23,0.0,2.42,2.83,0
2025-11-24T18:09:07.940894,47,student_4_lec_2a96290c_96318c89,lec_2a96290c,cv101,1,0.95,engaged,50.25,-0.0014,-0.0039,-0.0041,-0.0029,-0.002,-0.0037,-152.0,-144.0,506.6,633.19,3017.4,-175.19,-13.41,28.26,4.39,3.46,0.61,3.12,2.89,1.88,1.98,2.87,1.92,1.34,3.08,5.0,1.6,2.49,2.51,3.28,0.0,2.41,2.82,0
2025-11-24T18:09:09.001928,48,student_4_lec_2a96290c_96318c89,lec_2a96290c,cv101,1,0.95,partially_engaged,49.08,-0.0014,-0.0049,-0.004,-0.0002,0.0,-0.0037,-168.87,25.08,509.71,642.08,3047.27,-174.7,-12.63,27.83,4.61,3.67,0.39,2.81,2.9,2.19,1.98,2.87,2.04,1.43,2.96,5.0,1.7,2.61,2.39,3.2,0.0,2.47,2.89,0
2025-11-24T18:09:10.056553,49,student_4_lec_2a96290c_96318c89,lec_2a96290c,cv101,1,0.95,partially_engaged,49.9,-0.0035,-0.0044,-0.0041,-0.0044,-0.0021,-0.0038,-135.06,-142.28,501.78,631.33,3007.71,-173.97,-12.22,27.63,4.39,3.45,0.61,2.99,2.93,2.01,1.99,2.78,1.98,1.39,3.02,5.0,1.65,2.55,2.45,3.25,0.0,2.46,2.82,0
2025-11-24T18:09:11.114770,50,student_4_lec_2a96290c_96318c89,lec_2a96290c,cv101,1,0.95,partially_engaged,49.66,-0.0032,-0.0057,-0.0043,-0.003,-0.0038,-0.0039,-142.75,-131.34,477.47,635.55,3017.29,-173.49,-11.78,26.08,4.54,3.59,0.46,2.83,3.06,2.17,2.01,2.67,2.06,1.44,2.94,5.0,1.72,2.6,2.4,3.23,0.0,2.56,2.86,0
2025-11-24T18:09:12.164761,51,student_4_lec_2a96290c_96318c89,lec_2a96290c,cv101,1,0.95,engaged,74.54,-0.0021,-0.0056,-0.0041,0.0021,0.0032,-0.0038,-0.56,6.54,461.72,639.18,3042.19,-176.24,-10.65,27.82,4.38,3.41,0.62,3.09,2.98,1.91,1.98,2.97,2.01,1.41,2.99,5.0,1.68,2.68,2.32,3.34,0.0,2.5,2.8,0
2025-11-24T18:09:13.229349,52,student_4_lec_2a96290c_96318c89,lec_2a96290c,cv101,1,0.95,partially_engaged,49.83,0.0008,-0.0038,-0.004,0.0015,0.0015,-0.0037,163.41,10.77,478.32,644.71,3041.85,-175.45,-13.09,28.82,4.41,3.45,0.59,3.02,2.92,1.98,1.99,3.1,1.89,1.32,3.11,5.0,1.57,2.37,2.63,3.24,0.0,2.4,2.82,0
2025-11-24T18:09:14.275900,53,student_4_lec_2a96290c_96318c89,lec_2a96290c,cv101,1,0.95,partially_engaged,49.01,0.0,-0.0035,-0.0041,-0.0048,-0.0018,-0.0038,25.57,-147.21,503.82,661.69,3055.24,-172.93,-12.01,27.22,4.45,3.55,0.55,2.8,2.9,2.2,2.03,2.71,2.0,1.4,3.0,5.0,1.66,2.66,2.34,3.15,0.0,2.45,2.85,0
2025-11-24T18:09:15.351075,54,student_4_lec_2a96290c_96318c89,lec_2a96290c,cv101,1,0.95,partially_engaged,48.65,0.0011,-0.0031,-0.004,-0.0016,-0.0003,-0.0037,4.35,-158.48,492.41,668.35,3099.09,-173.88,-12.15,27.47,4.64,3.73,0.36,2.77,2.85,2.23,2.01,2.89,1.98,1.39,3.02,5.0,1.65,2.67,2.33,3.15,0.0,2.42,2.91,0
2025-11-24T18:09:16.404211,55,student_4_lec_2a96290c_96318c89,lec_2a96290c,cv101,1,0.95,partially_engaged,49.64,-0.0009,-0.004,-0.0043,-0.0102,-0.0043,-0.004,-139.44,-135.11,432.36,650.61,2997.66,-172.7,-11.29,26.17,4.37,3.43,0.63,2.84,3.0,2.16,2.07,2.82,2.09,1.46,2.91,5.0,1.74,2.67,2.33,3.18,0.0,2.54,2.81,0
2025-11-24T18:09:17.460764,56,student_4_lec_2a96290c_96318c89,lec_2a96290c,cv101,1,0.95,partially_engaged,49.53,-0.0014,-0.0047,-0.0042,-0.007,-0.002,-0.0039,-140.4,-142.27,397.19,661.25,3036.63,-173.63,-14.25,26.07,4.54,3.59,0.46,2.88,2.98,2.12,2.09,2.95,1.99,1.39,3.01,5.0,1.66,2.34,2.66,3.16,0.0,2.48,2.86,0
2025-11-24T18:09:18.508742,57,student_4_lec_2a96290c_96318c89,lec_2a96290c,cv101,1,0.95,partially_engaged,49.95,0.0007,-0.004,-0.004,-0.0063,-0.0053,-0.0037,24.66,-130.36,406.55,658.99,3031.59,-175.07,-15.54,26.46,4.4,3.44,0.6,2.89,3.12,2.11,2.08,2.86,1.96,1.37,3.04,5.0,1.63,2.38,2.62,3.19,0.0,2.54,2.81,0
2025-11-24T18:09:19.584273,58,student_4_lec_2a96290c_96318c89,lec_2a96290c,cv101,1,0.95,partially_engaged,49.55,0.0008,-0.0043,-0.0041,-0.0033,-0.0061,-0.0038,14.96,-127.68,408.71,662.43,3027.08,-173.13,-15.77,25.28,4.42,3.48,0.58,2.83,3.07,2.17,2.07,2.89,1.97,1.38,3.03,5.0,1.64,2.49,2.51,3.22,0.0,2.52,2.83,0
2025-11-24T18:09:20.575167,59,student_4_lec_2a96290c_96318c89,lec_2a96290c,cv101,1,0.95,partially_engaged,49.55,0.0013,-0.0038,-0.004,-0.0012,-0.0018,-0.0037,-0.1,-145.63,413.04,676.54,3077.38,-173.77,-14.72,26.72,4.5,3.51,0.5,2.89,3.01,2.11,2.06,2.82,1.92,1.34,3.08,5.0,1.6,2.46,2.54,3.11,0.0,2.46,2.84,0
2025-11-24T18:09:21.618012,60,student_4_lec_2a96290c_96318c89,lec_2a96290c,cv101,1,0.95,partially_engaged,49.85,-0.0019,-0.0046,-0.0042,-0.0062,-0.0016,-0.0038,-138.73,-144.83,408.98,677.28,3091.33,-174.36,-14.32,25.37,4.51,3.53,0.49,2.87,3.1,2.13,2.07,2.89,2.0,1.4,3.0,4.94,1.67,2.44,2.56,3.09,0.0,2.55,2.84,0
2025-11-24T18:09:22.685709,61,student_4_lec_2a96290c_96318c89,lec_2a96290c,cv101,1,0.95,partially_engaged,49.62,-0.0003,-0.0049,-0.0041,-0.0045,-0.0035,-0.0038,-153.0,-133.6,404.38,668.38,3029.4,-172.81,-16.63,24.57,4.5,3.55,0.5,2.82,3.05,2.18,2.1,2.89,2.07,1.45,2.93,5.0,1.72,2.68,2.32,3.13,0.0,2.56,2.85,0
2025-11-24T18:09:23.725778,62,student_4_lec_2a96290c_96318c89,lec_2a96290c,cv101,1,0.95,partially_engaged,50.0,0.0004,-0.0042,-0.004,-0.0027,-0.0023,-0.0037,15.54,-140.82,405.75,675.05,3052.46,-174.23,-16.49,24.66,4.33,3.4,0.67,2.89,3.11,2.11,2.12,2.93,2.0,1.4,3.0,5.0,1.67,2.49,2.51,3.13,0.0,2.55,2.8,0
2025-11-24T18:09:24.790219,63,student_4_lec_2a96290c_96318c89,lec_2a96290c,cv101,1,0.95,engaged,50.41,-0.0012,-0.0043,-0.0041,-0.0052,-0.0057,-0.0038,-144.63,-128.58,396.25,675.29,3059.91,-173.12,-16.4,23.17,4.29,3.36,0.71,2.99,3.08,2.01,2.09,2.84,2.03,1.42,2.97,5.0,1.69,2.52,2.48,3.09,0.0,2.55,2.79,0
2025-11-24T18:09:25.846689,64,student_4_lec_2a96290c_96318c89,lec_2a96290c,cv101,1,0.95,partially_engaged,49.11,0.0008,-0.0034,-0.004,-0.0051,-0.0013,-0.0037,21.81,-150.06,314.74,687.47,3071.01,-175.37,-15.15,23.53,3.93,3.06,1.07,2.63,3.15,2.37,2.15,3.03,2.01,1.4,2.99,5.0,1.67,2.49,2.51,3.39,0.0,2.58,2.69,0
2025-11-24T18:09:26.899524,65,student_4_lec_2a96290c_96318c89,lec_2a96290c,cv101,1,0.95,engaged,74.92,-0.0008,-0.004,-0.004,0.0015,0.0038,-0.0037,-5.53,-0.36,308.69,693.28,3064.36,-173.41,-13.68,23.31,4.01,3.1,0.99,3.01,3.18,1.99,2.12,2.67,2.07,1.45,2.93,5.0,1.72,2.29,2.71,3.25,0.0,2.62,2.7,0
2025-11-24T18:09:27.985153,66,student_4_lec_2a96290c_96318c89,lec_2a96290c,cv101,1,0.95,engaged,50.74,0.0005,-0.0032,-0.0041,0.0036,0.004,-0.0036,154.2,-4.92,459.75,672.35,3048.39,-176.79,-21.57,26.15,4.18,3.21,0.82,3.07,3.19,1.93,2.2,3.15,1.83,1.28,3.17,4.88,1.53,2.45,2.55,3.12,0.0,2.51,2.74,0
2025-11-24T18:09:29.010304,67,student_4_lec_2a96290c_96318c89,lec_2a96290c,cv101,1,0.95,engaged,51.88,-0.0001,-0.0041,-0.0043,-0.0064,-0.0034,-0.0039,-149.96,-137.59,323.31,646.19,2867.09,-172.45,-13.06,21.07,4.04,3.06,0.96,3.06,3.34,1.94,2.24,3.12,2.24,1.57,2.76,5.0,1.86,2.09,2.91,3.49,0.0,2.79,2.69,0
2025-11-24T18:09:30.014467,68,student_4_lec_2a96290c_96318c89,lec_2a96290c,cv101,1,0.95,engaged,52.32,0.0017,-0.0039,-0.004,-0.0062,-0.0057,-0.0037,18.07,-129.08,386.25,668.38,2924.5,-173.82,-20.02,24.72,4.01,2.97,0.99,3.34,3.24,1.66,2.25,2.76,1.94,1.36,3.06,5.0,1.61,2.04,2.96,3.22,0.0,2.59,2.66,0
2025-11-24T18:09:31.056141,69,student_4_lec_2a96290c_96318c89,lec_2a96290c,cv101,1,0.95,engaged,51.0,-0.0047,-0.0063,-0.0037,-0.0027,0.0,-0.0033,-134.28,29.55,-547.37,-715.47,-3229.94,-164.33,-52.58,-161.77,3.82,2.81,1.18,3.32,3.03,1.68,2.05,2.84,1.53,1.07,3.47,5.0,1.28,2.33,2.67,3.11,0.0,2.28,2.6,0
2025-11-24T18:09:32.120437,70,student_4_lec_2a96290c_96318c89,lec_2a96290c,cv101,1,0.95,engaged,51.11,-0.0029,-0.0043,-0.004,-0.0081,-0.0035,-0.0036,-129.05,-134.28,488.96,703.06,3145.45,-177.86,-14.86,25.49,4.02,3.04,0.98,3.18,2.99,1.82,1.94,2.87,2.03,1.42,2.97,5.0,1.7,2.73,2.27,3.21,0.0,2.51,2.68,0
2025-11-24T18:09:33.171060,71,student_4_lec_2a96290c_96318c89,lec_2a96290c,cv101,0,0.0,no_face,0.0,0.0,0.0,0.0,0.0,0.0,0.0,0.0,0.0,0.0,0.0,0.0,0.0,0.0,0.0,0.0,0.0,0.0,0.0,0.0,0.0,0.0,0.0,0.0,0.0,0.0,0.0,0.0,0.0,0.0,0.0,0.0,0.0,0.0,0.0
2025-11-24T18:09:34.178226,72,student_4_lec_2a96290c_96318c89,lec_2a96290c,cv101,1,0.95,partially_engaged,49.74,-0.0049,-0.0026,-0.0036,-0.0008,-0.0047,-0.0034,-146.93,-134.86,-88.99,851.02,3521.01,-175.75,-14.08,16.25,3.19,2.33,1.81,2.76,3.18,2.24,1.99,2.49,1.86,1.3,3.14,4.41,1.55,2.73,2.27,2.75,0.0,2.52,2.44,0
2025-11-24T18:09:35.231958,73,student_4_lec_2a96290c_96318c89,lec_2a96290c,cv101,0,0.0,no_face,0.0,0.0,0.0,0.0,0.0,0.0,0.0,0.0,0.0,0.0,0.0,0.0,0.0,0.0,0.0,0.0,0.0,0.0,0.0,0.0,0.0,0.0,0.0,0.0,0.0,0.0,0.0,0.0,0.0,0.0,0.0,0.0,0.0,0.0,0.0
2025-11-24T18:09:36.286415,74,student_4_lec_2a96290c_96318c89,lec_2a96290c,cv101,1,0.95,partially_engaged,48.33,-0.0031,-0.0046,-0.0036,-0.0003,-0.0007,-0.0033,-156.72,-147.61,336.74,833.21,3617.82,176.3,-18.45,26.41,3.62,2.75,1.38,2.8,2.76,2.2,1.75,2.68,1.68,1.18,3.32,4.5,1.4,2.61,2.39,2.86,0.0,2.22,2.58,0
2025-11-24T18:09:37.343803,75,student_4_lec_2a96290c_96318c89,lec_2a96290c,cv101,1,0.95,partially_engaged,48.19,-0.0024,-0.0027,-0.0037,-0.0016,-0.0032,-0.0034,-150.76,-140.74,300.45,809.04,3421.95,-179.97,-15.66,23.65,3.64,2.84,1.36,2.61,2.96,2.39,1.88,2.45,1.78,1.25,3.22,5.0,1.49,2.58,2.42,3.15,0.0,2.37,2.61,0
2025-11-24T18:09:38.405017,76,student_4_lec_2a96290c_96318c89,lec_2a96290c,cv101,1,0.95,partially_engaged,49.1,-0.0023,-0.0044,-0.0036,-0.0029,-0.0041,-0.0033,-143.26,-129.27,451.97,712.24,3184.66,178.54,-23.4,28.5,3.72,2.85,1.28,2.82,3.04,2.18,1.82,2.87,1.67,1.17,3.33,5.0,1.39,2.4,2.6,3.27,0.0,2.35,2.62,0
2025-11-24T18:09:39.460513,77,student_4_lec_2a96290c_96318c89,lec_2a96290c,cv101,1,0.95,partially_engaged,49.94,-0.0045,-0.0048,-0.0038,-0.004,-0.004,-0.0035,-130.63,-129.6,428.55,710.36,3168.49,-175.34,-17.21,25.87,3.95,3.03,1.05,2.95,3.04,2.05,1.97,2.69,1.86,1.3,3.14,5.0,1.55,2.81,2.19,3.06,0.0,2.45,2.68,0
2025-11-24T18:09:40.514693,78,student_4_lec_2a96290c_96318c89,lec_2a96290c,cv101,1,0.95,partially_engaged,47.67,-0.0039,-0.0056,-0.0038,-0.0002,-0.0093,-0.0035,-155.16,-117.14,442.36,726.98,3232.78,-175.73,-14.32,30.16,4.16,3.25,0.84,2.66,2.73,2.34,1.89,2.45,1.79,1.26,3.21,5.0,1.49,3.66,1.34,3.0,0.0,2.26,2.75,0
2025-11-24T18:09:41.587416,79,student_4_lec_2a96290c_96318c89,lec_2a96290c,cv101,1,0.95,partially_engaged,47.94,-0.0039,-0.0048,-0.0039,0.0004,-0.0059,-0.0036,19.34,-124.88,396.94,710.05,3192.22,-173.13,-12.21,29.09,4.17,3.29,0.83,2.68,2.74,2.32,1.9,2.5,1.88,1.32,3.12,5.0,1.57,3.83,1.17,2.96,0.0,2.31,2.76,0
2025-11-24T18:09:42.628060,80,student_4_lec_2a96290c_96318c89,lec_2a96290c,cv101,1,0.95,partially_engaged,48.7,-0.0038,-0.005,-0.0039,-0.0033,-0.006,-0.0036,-136.64,-124.19,394.97,712.82,3209.97,-175.06,-8.14,27.81,3.97,3.12,1.03,2.83,2.75,2.17,1.86,2.77,1.9,1.33,3.1,5.0,1.58,4.07,0.93,3.24,0.0,2.33,2.71,0
2025-11-24T18:09:43.682149,81,student_4_lec_2a96290c_96318c89,lec_2a96290c,cv101,1,0.95,partially_engaged,48.58,-0.0054,-0.0066,-0.0038,-0.0024,-0.0054,-0.0035,-135.42,-121.28,400.9,716.79,3191.1,-176.45,-12.71,28.93,3.99,3.13,1.01,2.79,2.81,2.21,1.89,3.04,1.84,1.29,3.16,5.0,1.53,3.86,1.14,3.2,0.0,2.33,2.71,0
2025-11-24T18:09:44.741579,82,student_4_lec_2a96290c_96318c89,lec_2a96290c,cv101,1,0.95,partially_engaged,49.09,-0.0032,-0.0045,-0.0039,-0.0019,-0.0051,-0.0036,-146.25,-127.74,395.31,715.49,3191.71,-175.79,-12.14,27.99,3.95,3.07,1.05,2.84,2.9,2.16,1.92,2.84,1.86,1.3,3.14,5.0,1.55,3.13,1.87,3.12,0.0,2.38,2.69,0
2025-11-24T18:09:45.792732,83,student_4_lec_2a96290c_96318c89,lec_2a96290c,cv101,1,0.95,partially_engaged,49.87,-0.0025,-0.0042,-0.0038,-0.0012,-0.0047,-0.0035,-153.79,-129.41,415.17,717.89,3214.8,-177.43,-11.17,26.62,3.82,2.98,1.18,2.99,2.9,2.01,1.92,2.82,1.92,1.35,3.08,5.0,1.6,3.14,1.86,3.24,0.0,2.41,2.66,0
2025-11-24T18:09:46.850068,84,student_4_lec_2a96290c_96318c89,lec_2a96290c,cv101,1,0.95,engaged,50.84,-0.0026,-0.0045,-0.0038,0.0001,-0.0066,-0.0035,16.05,-123.98,410.33,721.55,3197.93,-175.46,-11.49,26.48,3.78,2.83,1.22,3.19,2.93,1.81,1.92,2.84,1.91,1.34,3.09,5.0,1.59,3.29,1.71,3.18,0.0,2.42,2.61,0
2025-11-24T18:09:47.920384,85,student_4_lec_2a96290c_96318c89,lec_2a96290c,cv101,1,0.95,partially_engaged,49.68,-0.0034,-0.0052,-0.0038,-0.0003,-0.0058,-0.0034,-156.24,-123.22,406.28,730.6,3206.94,-174.62,-12.12,26.58,4.07,3.17,0.93,2.97,2.93,2.03,1.93,2.69,1.85,1.3,3.15,5.0,1.54,3.08,1.92,3.07,0.0,2.39,2.72,0
2025-11-24T18:09:48.969724,86,student_4_lec_2a96290c_96318c89,lec_2a96290c,cv101,1,0.95,engaged,51.22,-0.0024,-0.0038,-0.0039,-0.002,-0.0047,-0.0036,-149.66,-131.47,354.78,717.28,3155.37,-175.65,-11.87,26.19,3.73,2.78,1.27,3.27,2.98,1.73,2.0,2.74,1.84,1.29,3.16,5.0,1.53,2.91,2.09,3.16,0.0,2.41,2.59,0
2025-11-24T18:09:50.019489,87,student_4_lec_2a96290c_96318c89,lec_2a96290c,cv101,1,0.95,engaged,62.48,-0.0011,-0.0041,-0.0038,0.0027,0.0012,-0.0036,-10.31,13.8,391.49,722.5,3185.85,-177.05,-12.45,28.1,3.85,2.93,1.15,3.15,2.96,1.85,1.92,2.75,1.77,1.24,3.23,5.0,1.48,2.05,2.95,3.23,0.0,2.37,2.64,0
2025-11-24T18:09:51.173096,88,student_4_lec_2a96290c_96318c89,lec_2a96290c,cv101,1,0.95,engaged,50.99,-0.0005,-0.0039,-0.0039,-0.0057,-0.0088,-0.0035,-146.93,-123.24,416.75,729.43,3223.59,-176.81,-11.42,26.88,3.81,2.89,1.19,3.19,3.04,1.81,1.92,2.74,1.84,1.29,3.16,5.0,1.53,2.29,2.71,3.13,0.0,2.44,2.63,0
2025-11-24T18:09:52.088864,89,student_4_lec_2a96290c_96318c89,lec_2a96290c,cv101,1,0.95,engaged,51.44,-0.0028,-0.0043,-0.0039,-0.0008,-0.008,-0.0035,-155.55,-122.69,405.82,712.03,3190.71,-175.85,-13.3,26.25,3.81,2.89,1.19,3.28,3.08,1.72,1.94,2.68,1.81,1.27,3.19,4.91,1.51,2.36,2.64,3.01,0.0,2.45,2.63,0
2025-11-24T18:09:53.122662,90,student_4_lec_2a96290c_96318c89,lec_2a96290c,cv101,0,0.0,no_face,0.0,0.0,0.0,0.0,0.0,0.0,0.0,0.0,0.0,0.0,0.0,0.0,0.0,0.0,0.0,0.0,0.0,0.0,0.0,0.0,0.0,0.0,0.0,0.0,0.0,0.0,0.0,0.0,0.0,0.0,0.0,0.0,0.0,0.0,0.0
2025-11-24T18:09:54.130717,91,student_4_lec_2a96290c_96318c89,lec_2a96290c,cv101,1,0.95,engaged,52.65,-0.0022,-0.0047,-0.0042,0.0016,-0.0001,-0.0037,2.35,-155.23,566.27,568.53,2824.63,-177.11,-22.15,32.23,4.87,3.7,0.13,3.49,3.29,1.51,2.17,2.89,1.82,1.27,3.18,4.67,1.51,2.5,2.5,2.95,0.0,2.56,2.9,0
2025-11-24T18:09:55.170093,92,student_4_lec_2a96290c_96318c89,lec_2a96290c,cv101,1,0.95,engaged,53.65,-0.0004,-0.0037,-0.0043,-0.0004,0.0013,-0.0039,-174.76,11.19,543.57,549.24,2627.28,-173.73,-19.51,31.32,4.93,3.75,0.07,3.59,3.46,1.41,2.3,3.08,1.9,1.33,3.1,5.0,1.59,2.08,2.92,3.29,0.0,2.68,2.92,0
2025-11-24T18:09:56.174895,93,student_4_lec_2a96290c_96318c89,lec_2a96290c,cv101,1,0.95,highly_engaged,77.26,-0.0009,-0.0047,-0.0043,0.0028,0.0041,-0.0039,-12.07,0.57,585.24,572.46,2744.04,-175.21,-15.64,30.61,4.84,3.71,0.16,3.56,3.3,1.44,2.25,3.23,1.98,1.39,3.02,5.0,1.65,2.37,2.63,3.3,0.0,2.64,2.9,0
2025-11-24T18:09:57.219259,94,student_4_lec_2a96290c_96318c89,lec_2a96290c,cv101,1,0.95,engaged,52.52,-0.001,-0.0046,-0.0043,-0.001,-0.0034,-0.0039,-166.52,-136.07,573.69,579.44,2707.24,-174.0,-16.7,30.64,5.0,3.89,0.0,3.51,3.16,1.49,2.14,3.36,1.93,1.35,3.07,5.0,1.61,2.56,2.44,3.43,0.0,2.54,2.96,0
2025-11-24T18:09:58.220543,95,student_4_lec_2a96290c_96318c89,lec_2a96290c,cv101,1,0.95,engaged,51.25,-0.0047,-0.0075,-0.0043,-0.007,-0.0044,-0.0039,-125.82,-125.58,554.44,593.23,2724.42,-173.27,-14.88,29.26,5.0,4.19,0.0,3.16,3.18,1.84,2.19,3.27,2.09,1.46,2.91,5.0,1.74,2.43,2.57,3.34,0.0,2.63,3.06,0
2025-11-24T18:09:59.282578,96,student_4_lec_2a96290c_96318c89,lec_2a96290c,cv101,1,0.95,engaged,50.91,-0.002,-0.0055,-0.004,-0.0032,-0.0055,-0.0036,-145.89,-124.54,639.92,635.66,2825.03,-171.79,-17.47,30.59,4.91,3.85,0.09,3.3,2.92,1.7,2.14,2.83,1.89,1.33,3.11,5.0,1.58,2.39,2.61,3.04,0.0,2.4,2.95,0
2025-11-24T18:10:00.324170,97,student_4_lec_2a96290c_96318c89,lec_2a96290c,cv101,1,0.95,engaged,50.5,-0.0025,-0.0063,-0.0043,-0.0104,-0.0104,-0.0038,-129.63,-116.99,-747.86,-664.61,-3018.67,-169.01,-55.73,-151.72,4.95,3.8,0.05,3.29,2.86,1.71,2.12,2.71,1.76,1.23,3.24,4.95,1.47,2.37,2.63,2.9,0.0,2.31,2.93,0
2025-11-24T18:10:01.328707,98,student_4_lec_2a96290c_96318c89,lec_2a96290c,cv101,1,0.95,engaged,52.79,-0.0006,-0.0046,-0.0042,-0.0048,-0.0071,-0.0038,-149.76,-125.31,671.54,621.98,2774.45,-172.96,-17.34,31.14,4.89,3.76,0.11,3.64,3.0,1.36,2.1,2.8,1.98,1.38,3.02,5.0,1.65,2.41,2.59,3.1,0.0,2.49,2.92,0
2025-11-24T18:10:02.372891,99,student_4_lec_2a96290c_96318c89,lec_2a96290c,cv101,1,0.95,engaged,53.05,-0.0014,-0.0058,-0.0043,-0.0088,-0.006,-0.0039,-137.67,-124.87,-697.87,-644.79,-2929.74,-169.83,-50.43,-151.48,4.78,3.61,0.22,3.62,3.09,1.38,2.1,2.74,2.02,1.41,2.98,5.0,1.68,2.43,2.57,3.07,0.0,2.55,2.87,0
2025-11-24T18:10:03.379265,100,student_4_lec_2a96290c_96318c89,lec_2a96290c,cv101,1,0.95,engaged,51.3,-0.0035,-0.0068,-0.0042,-0.0012,-0.0023,-0.0038,-151.47,-135.08,654.52,629.8,2814.55,-173.51,-14.83,32.07,4.76,3.64,0.24,3.34,2.9,1.66,2.02,2.77,2.0,1.4,3.0,5.0,1.67,2.61,2.39,3.18,0.0,2.45,2.88,0
2025-11-24T18:10:04.425539,101,student_4_lec_2a96290c_96318c89,lec_2a96290c,cv101,1,0.95,engaged,50.14,0.0006,-0.0038,-0.004,-0.0043,-0.0054,-0.0036,20.45,-130.28,656.39,659.16,2900.82,-172.54,-16.61,33.49,4.93,3.79,0.07,3.29,2.68,1.71,1.95,2.72,1.83,1.28,3.17,4.98,1.52,2.46,2.54,2.97,0.0,2.25,2.93,0
2025-11-24T18:10:05.479904,102,student_4_lec_2a96290c_96318c89,lec_2a96290c,cv101,1,0.95,partially_engaged,49.3,0.0004,-0.005,-0.0041,-0.0054,-0.0022,-0.0037,25.21,-139.17,651.31,659.31,2883.96,-174.84,-17.51,34.74,4.93,3.8,0.07,3.11,2.69,1.89,1.93,2.87,1.78,1.24,3.22,5.0,1.48,2.93,2.07,3.13,0.0,2.23,2.93,0
2025-11-24T18:10:06.573931,103,student_4_lec_2a96290c_96318c89,lec_2a96290c,cv101,1,0.95,partially_engaged,48.62,-0.002,-0.0052,-0.0043,-0.0074,-0.0068,-0.0039,-136.61,-124.74,592.36,654.21,2799.26,-172.09,-15.01,32.12,5.0,4.11,0.0,2.8,2.85,2.2,2.09,2.91,1.96,1.37,3.04,5.0,1.63,2.8,2.2,3.16,0.0,2.41,3.04,0
2025-11-24T18:10:07.603806,104,student_4_lec_2a96290c_96318c89,lec_2a96290c,cv101,1,0.95,partially_engaged,48.54,-0.0007,-0.0052,-0.0043,-0.0041,0.0003,-0.0038,-152.17,22.63,567.0,654.03,2776.02,-169.1,-16.82,33.93,5.0,4.08,0.0,2.91,2.69,2.09,2.11,2.24,1.89,1.32,3.11,5.0,1.57,4.0,1.0,2.82,0.0,2.29,3.03,0
2025-11-24T18:10:08.661247,105,student_4_lec_2a96290c_96318c89,lec_2a96290c,cv101,1,0.95,partially_engaged,49.48,0.0003,-0.0041,-0.0043,-0.0045,-0.0012,-0.0038,22.54,-149.45,567.17,656.77,2795.26,-172.4,-15.79,34.19,5.0,4.05,0.0,3.08,2.83,1.92,2.03,2.58,1.79,1.26,3.21,5.0,1.5,3.73,1.27,3.07,0.0,2.31,3.02,0
2025-11-24T18:10:09.717655,106,student_4_lec_2a96290c_96318c89,lec_2a96290c,cv101,1,0.95,partially_engaged,49.04,0.0003,-0.0039,-0.0041,-0.0064,-0.0024,-0.0036,28.35,-141.47,562.27,659.06,2774.0,-171.76,-20.17,34.65,5.0,4.0,0.0,3.03,2.73,1.97,2.04,2.71,1.8,1.26,3.2,5.0,1.5,3.25,1.75,3.02,0.0,2.27,3.0,0
2025-11-24T18:10:10.776161,107,student_4_lec_2a96290c_96318c89,lec_2a96290c,cv101,1,0.95,partially_engaged,49.19,0.0023,-0.0042,-0.0041,-0.0054,-0.0007,-0.0036,13.4,-151.29,547.72,667.82,2785.92,-172.27,-21.6,34.96,5.0,3.93,0.0,3.01,2.8,1.99,2.04,2.39,1.82,1.28,3.18,5.0,1.52,3.15,1.85,2.99,0.0,2.31,2.98,0
2025-11-24T18:10:11.830942,108,student_4_lec_2a96290c_96318c89,lec_2a96290c,cv101,1,0.95,partially_engaged,49.55,0.0021,-0.0038,-0.0041,-0.0027,-0.0028,-0.0036,4.74,-139.59,541.43,667.25,2776.33,-173.49,-21.37,35.51,5.0,3.85,0.0,3.11,2.85,1.89,2.02,2.65,1.69,1.18,3.31,5.0,1.41,3.29,1.71,3.0,0.0,2.27,2.95,0
2025-11-24T18:10:12.885210,109,student_4_lec_2a96290c_96318c89,lec_2a96290c,cv101,1,0.95,engaged,50.23,0.0006,-0.004,-0.0042,-0.0036,-0.0014,-0.0038,17.53,-148.08,553.8,664.94,2788.79,-174.09,-17.16,33.82,5.0,3.93,0.0,3.15,2.95,1.85,2.06,2.91,1.84,1.29,3.16,5.0,1.54,2.55,2.45,3.13,0.0,2.4,2.98,0
2025-11-24T18:10:13.941633,110,student_4_lec_2a96290c_96318c89,lec_2a96290c,cv101,1,0.95,engaged,50.26,-0.0,-0.005,-0.0042,-0.0035,0.0018,-0.0037,-158.29,12.23,558.12,664.76,2792.26,-174.3,-19.0,33.32,5.0,3.97,0.0,3.15,2.98,1.85,2.04,3.03,1.82,1.27,3.18,5.0,1.52,2.68,2.32,3.13,0.0,2.4,2.99,0
2025-11-24T18:10:14.996518,111,student_4_lec_2a96290c_96318c89,lec_2a96290c,cv101,1,0.95,engaged,50.64,-0.0002,-0.004,-0.0043,-0.0061,0.0012,-0.0038,-149.7,12.73,560.03,668.05,2770.83,-173.06,-17.72,32.14,5.0,4.17,0.0,3.22,2.98,1.78,2.13,2.92,1.9,1.33,3.1,4.9,1.59,2.54,2.46,3.02,0.0,2.44,3.06,0
2025-11-24T18:10:16.057248,112,student_4_lec_2a96290c_96318c89,lec_2a96290c,cv101,1,0.95,engaged,50.35,-0.004,-0.0069,-0.0046,-0.0056,0.0017,-0.0041,-132.58,17.07,480.74,655.27,2763.1,-170.33,-9.4,31.71,4.99,3.87,0.01,3.1,2.84,1.9,2.12,2.76,2.18,1.52,2.82,5.0,1.81,2.83,2.17,3.04,0.0,2.51,2.96,0
2025-11-24T18:10:17.072585,113,student_4_lec_2a96290c_96318c89,lec_2a96290c,cv101,1,0.95,engaged,51.05,0.0011,-0.0045,-0.0042,0.0027,0.0041,-0.0039,155.68,0.02,516.52,671.62,2820.32,-172.73,-14.23,32.94,4.91,3.72,0.09,3.18,3.17,1.82,2.13,2.85,1.86,1.3,3.14,4.76,1.55,2.76,2.24,2.96,0.0,2.52,2.91,0
2025-11-24T18:10:18.101854,114,student_4_lec_2a96290c_96318c89,lec_2a96290c,cv101,1,0.95,engaged,50.9,-0.0012,-0.0059,-0.0042,-0.0006,0.0042,-0.0038,-168.13,3.35,527.74,667.17,2819.8,-173.6,-15.96,33.39,4.78,3.61,0.22,3.26,3.0,1.74,2.08,2.83,1.81,1.27,3.19,5.0,1.51,2.57,2.43,3.05,0.0,2.41,2.87,0
2025-11-24T18:10:19.162762,115,student_4_lec_2a96290c_96318c89,lec_2a96290c,cv101,1,0.95,engaged,73.61,0.0001,-0.0042,-0.0042,-0.0022,0.004,-0.0039,14.38,-0.58,530.08,676.57,2850.53,-173.13,-14.12,32.98,4.97,3.83,0.03,3.08,2.8,1.92,2.02,3.09,1.86,1.3,3.14,4.79,1.55,3.03,1.97,3.07,0.0,2.33,2.94,0
2025-11-24T18:10:20.214764,116,student_4_lec_2a96290c_96318c89,lec_2a96290c,cv101,1,0.95,engaged,74.22,0.0006,-0.0042,-0.0043,-0.0012,0.0082,-0.0039,4.88,-10.03,536.7,683.54,2837.97,-172.11,-14.55,32.67,5.0,3.86,0.0,3.21,2.82,1.79,2.04,3.02,1.87,1.31,3.13,4.5,1.56,2.97,2.03,2.91,0.0,2.34,2.95,0
2025-11-24T18:10:21.268837,117,student_4_lec_2a96290c_96318c89,lec_2a96290c,cv101,1,0.95,engaged,51.12,0.0015,-0.0042,-0.0043,-0.0038,-0.0004,-0.0039,12.39,-155.41,521.9,677.76,2793.26,-172.38,-14.05,31.94,4.85,3.71,0.15,3.27,2.9,1.73,2.07,2.91,2.08,1.46,2.92,4.92,1.73,2.99,2.01,3.04,0.0,2.49,2.9,0
2025-11-24T18:10:22.336405,118,student_4_lec_2a96290c_96318c89,lec_2a96290c,cv101,1,0.95,engaged,52.1,-0.0011,-0.0046,-0.0045,-0.0102,0.0062,-0.004,-138.78,-6.03,441.66,667.8,2722.06,-170.55,-16.23,27.22,4.63,3.54,0.37,3.27,3.22,1.73,2.28,2.67,2.12,1.48,2.88,5.0,1.76,2.59,2.41,3.2,0.0,2.67,2.85,0
2025-11-24T18:10:23.392107,119,student_4_lec_2a96290c_96318c89,lec_2a96290c,cv101,1,0.95,engaged,55.67,-0.001,-0.005,-0.0051,-0.0038,0.0053,-0.0047,-155.39,-1.85,249.65,637.05,2642.82,-170.93,-3.35,21.41,4.01,3.0,0.99,3.8,3.42,1.2,2.27,3.25,2.44,1.71,2.56,5.0,2.03,2.43,2.57,3.77,0.0,2.93,2.67,0
2025-11-24T18:10:24.459919,120,student_4_lec_2a96290c_96318c89,lec_2a96290c,cv101,1,0.95,engaged,52.57,0.0059,-0.0037,-0.0043,0.0029,-0.0009,-0.0039,134.42,-153.54,346.88,663.97,2771.87,-171.63,-16.19,24.65,4.1,3.05,0.9,3.3,3.38,1.7,2.43,3.13,1.98,1.39,3.02,5.0,1.65,2.74,2.26,3.38,0.0,2.68,2.68,0
2025-11-24T18:10:25.510969,121,student_4_lec_2a96290c_96318c89,lec_2a96290c,cv101,1,0.95,engaged,53.13,0.0016,-0.0048,-0.0045,0.0002,0.0046,-0.0041,168.36,-0.57,330.16,661.5,2756.47,-168.6,-12.11,23.48,4.09,3.04,0.91,3.27,3.41,1.73,2.37,2.67,2.32,1.62,2.68,5.0,1.93,2.85,2.15,3.15,0.0,2.87,2.68,0
2025-11-24T18:10:26.569674,122,student_4_lec_2a96290c_96318c89,lec_2a96290c,cv101,1,0.95,engaged,50.42,0.0017,-0.0041,-0.0042,-0.0057,-0.0083,-0.004,16.47,-125.59,267.36,647.31,2846.76,-169.29,-4.66,27.45,4.37,3.34,0.63,2.87,3.2,2.13,2.28,2.91,2.14,1.5,2.86,5.0,1.78,2.9,2.1,3.16,0.0,2.67,2.78,0
2025-11-24T18:10:27.569705,123,student_4_lec_2a96290c_96318c89,lec_2a96290c,cv101,1,0.95,engaged,50.62,0.0055,-0.0011,-0.0043,0.0084,0.0025,-0.004,121.93,-9.32,355.56,667.88,2734.79,-167.94,-14.71,28.36,4.73,3.7,0.27,2.98,3.26,2.02,2.37,2.38,1.96,1.37,3.04,5.0,1.63,2.58,2.42,2.96,0.0,2.61,2.9,0
2025-11-24T18:10:28.586691,124,student_4_lec_2a96290c_96318c89,lec_2a96290c,cv101,1,0.95,engaged,51.05,-0.0012,-0.0049,-0.0045,0.0002,-0.0028,-0.0041,6.56,-139.04,334.67,654.85,2728.88,-168.19,-12.14,26.76,4.61,3.54,0.39,3.05,3.11,1.95,2.28,2.74,2.23,1.56,2.77,5.0,1.86,3.06,1.94,3.08,0.0,2.67,2.85,0
2025-11-24T18:10:29.605080,125,student_4_lec_2a96290c_96318c89,lec_2a96290c,cv101,1,0.95,engaged,51.64,-0.0006,-0.0044,-0.0041,-0.0019,-0.0053,-0.0038,-162.57,-128.94,357.47,670.86,2854.01,-170.84,-14.57,30.08,4.4,3.26,0.6,3.32,3.11,1.68,2.27,2.74,1.85,1.29,3.15,4.87,1.54,2.99,2.01,2.97,0.0,2.48,2.75,0
2025-11-24T18:10:30.665208,126,student_4_lec_2a96290c_96318c89,lec_2a96290c,cv101,1,0.95,engaged,50.99,-0.0012,-0.0046,-0.0044,-0.0053,-0.0026,-0.004,-146.07,-140.53,426.25,680.45,2779.78,-170.34,-17.68,27.62,4.83,3.72,0.17,3.1,3.23,1.9,2.33,2.67,1.93,1.35,3.07,4.95,1.61,2.61,2.39,2.92,0.0,2.58,2.91,0
2025-11-24T18:10:31.726157,127,student_4_lec_2a96290c_96318c89,lec_2a96290c,cv101,1,0.95,engaged,50.99,-0.0004,-0.0055,-0.0044,-0.0105,-0.0055,-0.004,-142.46,-127.13,415.93,683.38,2787.89,-172.07,-13.86,29.93,4.82,3.68,0.18,3.14,3.08,1.86,2.27,2.92,2.05,1.43,2.95,4.99,1.71,2.79,2.21,3.08,0.0,2.56,2.89,0
2025-11-24T18:10:32.792433,128,student_4_lec_2a96290c_96318c89,lec_2a96290c,cv101,1,0.95,engaged,52.36,-0.0024,-0.0056,-0.0043,-0.0105,-0.0023,-0.0039,-130.59,-138.48,415.61,674.43,2788.78,-173.7,-15.07,29.31,4.67,3.51,0.33,3.39,3.17,1.61,2.19,3.06,2.05,1.44,2.95,5.0,1.71,2.75,2.25,3.16,0.0,2.61,2.84,0
2025-11-24T18:10:33.829782,129,student_4_lec_2a96290c_96318c89,lec_2a96290c,cv101,1,0.95,engaged,51.91,0.0035,-0.0019,-0.0042,-0.0007,-0.0035,-0.0038,-14.62,-146.75,457.34,684.51,2852.86,-174.51,-16.39,31.43,4.63,3.47,0.37,3.38,3.17,1.62,2.19,3.04,1.81,1.27,3.19,4.82,1.51,2.7,2.3,3.05,0.0,2.49,2.82,0
2025-11-24T18:10:34.891793,130,student_4_lec_2a96290c_96318c89,lec_2a96290c,cv101,1,0.95,engaged,52.26,0.0035,-0.0027,-0.0041,-0.0035,-0.005,-0.0037,1.64,-136.46,-518.77,-705.47,-2954.19,-160.88,-48.58,-159.18,4.6,3.45,0.4,3.35,3.23,1.65,2.27,2.92,1.99,1.39,3.01,5.0,1.66,2.45,2.55,3.07,0.0,2.61,2.82,0
2025-11-24T18:10:35.942716,131,student_4_lec_2a96290c_96318c89,lec_2a96290c,cv101,1,0.95,engaged,50.73,0.0034,-0.002,-0.0041,-0.0049,-0.0065,-0.0037,6.97,-136.94,504.15,680.84,2797.21,-173.63,-20.6,30.54,4.52,3.42,0.48,3.06,3.25,1.94,2.19,3.05,1.8,1.26,3.2,4.71,1.5,2.32,2.68,3.0,0.0,2.52,2.81,0
2025-11-24T18:10:36.997697,132,student_4_lec_2a96290c_96318c89,lec_2a96290c,cv101,1,0.95,engaged,62.85,0.0025,-0.0028,-0.0045,-0.0089,0.0044,-0.0041,18.37,-7.94,496.56,681.69,2806.96,-174.29,-14.32,29.63,4.77,3.64,0.23,3.05,3.12,1.95,2.14,3.06,2.12,1.49,2.88,5.0,1.77,2.72,2.28,3.17,0.0,2.62,2.88,0
2025-11-24T18:10:38.055626,133,student_4_lec_2a96290c_96318c89,lec_2a96290c,cv101,1,0.95,engaged,50.35,0.0003,-0.0032,-0.0045,-0.0091,0.0005,-0.0041,31.19,14.37,492.16,677.73,2793.79,-173.57,-14.25,28.82,4.99,3.87,0.01,2.99,3.06,2.01,2.14,3.13,2.12,1.49,2.88,5.0,1.77,2.83,2.17,3.19,0.0,2.59,2.96,0
2025-11-24T18:10:39.117751,134,student_4_lec_2a96290c_96318c89,lec_2a96290c,cv101,1,0.95,engaged,51.2,-0.0005,-0.005,-0.0045,-0.004,0.0092,-0.0041,-155.01,-9.13,479.77,684.09,2797.41,-171.99,-12.51,28.95,4.91,3.77,0.09,3.28,2.91,1.72,2.15,2.94,2.1,1.47,2.9,5.0,1.75,2.95,2.05,3.13,0.0,2.5,2.92,0
2025-11-24T18:10:40.171005,135,student_4_lec_2a96290c_96318c89,lec_2a96290c,cv101,1,0.95,engaged,74.69,0.0027,-0.0028,-0.0044,-0.0005,0.0041,-0.0039,-11.79,-7.05,474.99,697.09,2793.33,-170.94,-16.23,29.05,5.0,4.02,0.0,3.08,3.1,1.92,2.22,2.78,2.06,1.44,2.94,4.9,1.72,2.83,2.17,2.96,0.0,2.58,3.01,0
2025-11-24T18:10:41.231112,136,student_4_lec_2a96290c_96318c89,lec_2a96290c,cv101,1,0.95,partially_engaged,47.73,0.0005,-0.0012,-0.0039,-0.0009,-0.0047,-0.0036,2.97,-145.54,424.62,579.08,3068.97,-178.43,-4.32,25.59,4.16,3.35,0.84,2.43,3.0,2.57,1.96,3.44,1.99,1.39,3.01,5.0,1.66,2.2,2.8,3.78,0.0,2.5,2.78,0.14
2025-11-24T18:10:42.282936,137,student_4_lec_2a96290c_96318c89,lec_2a96290c,cv101,1,0.95,partially_engaged,48.99,-0.0005,-0.002,-0.0037,-0.0019,0.0037,-0.0034,-161.92,-8.81,515.9,695.0,3230.53,178.02,-20.75,10.85,3.13,2.35,1.87,2.42,3.5,2.58,2.25,2.04,1.79,1.25,3.21,5.0,1.49,2.19,2.81,3.42,0.0,2.65,2.45,0.16
2025-11-24T18:10:43.341012,138,student_4_lec_2a96290c_96318c89,lec_2a96290c,cv101,1,0.95,engaged,52.66,-0.0008,-0.0072,-0.0038,-0.0017,-0.0019,-0.0036,-161.65,-134.92,515.1,662.55,3242.4,-175.64,-17.42,3.18,2.56,1.82,2.44,3.03,3.89,1.97,2.26,2.16,1.7,1.19,3.3,5.0,1.42,2.59,2.41,3.23,0.0,2.79,2.27,0
2025-11-24T18:10:44.414931,139,student_4_lec_2a96290c_96318c89,lec_2a96290c,cv101,1,0.95,partially_engaged,47.26,-0.0012,-0.002,-0.0037,-0.002,-0.0002,-0.0034,-156.45,-164.21,512.96,712.28,3408.73,-173.57,-17.38,0.09,2.69,2.04,2.31,2.05,3.38,2.95,2.08,2.76,1.84,1.29,3.16,5.0,1.53,2.2,2.8,3.26,0.0,2.61,2.35,0.9
2025-11-24T18:10:45.462639,140,student_4_lec_2a96290c_96318c89,lec_2a96290c,cv101,1,0.95,partially_engaged,49.08,0.0018,-0.0047,-0.0036,0.0043,-0.0051,-0.0039,142.41,-127.51,26.8,-101.68,-31.42,163.74,0.3,15.78,2.6,1.9,2.4,2.33,3.6,2.67,2.08,2.66,1.83,1.28,3.17,5.0,1.52,1.98,3.02,3.68,0.0,2.71,2.3,0.34
2025-11-24T18:10:46.467500,141,student_4_lec_2a96290c_96318c89,lec_2a96290c,cv101,1,0.95,partially_engaged,49.03,-0.0016,-0.0042,-0.0026,0.0036,-0.0048,-0.0026,-11.14,-120.0,444.54,678.72,3224.34,-172.9,-23.54,26.85,3.28,2.5,1.72,2.73,3.1,2.27,1.88,2.64,1.69,1.18,3.31,5.0,1.41,2.0,3.0,3.4,0.0,2.4,2.5,0
2025-11-24T18:10:47.508768,142,student_4_lec_2a96290c_96318c89,lec_2a96290c,cv101,1,0.95,engaged,60.94,-0.0018,-0.0049,-0.004,0.0014,0.0009,-0.0036,1.39,18.55,576.31,702.41,3056.35,-177.35,-21.02,32.13,4.58,3.57,0.42,2.87,2.98,2.13,2.07,2.58,1.68,1.17,3.32,5.0,1.4,2.37,2.63,3.01,0.0,2.33,2.86,0
2025-11-24T18:10:48.510878,143,student_4_lec_2a96290c_96318c89,lec_2a96290c,cv101,1,0.95,engaged,50.1,-0.0009,-0.0054,-0.004,-0.0007,0.0017,-0.0036,-168.55,14.08,537.67,690.97,2940.15,-175.48,-17.06,31.82,4.93,3.83,0.07,3.07,3.03,1.93,2.07,2.8,1.82,1.27,3.18,4.92,1.52,2.52,2.48,3.02,0.0,2.42,2.94,0
2025-11-24T18:10:49.568735,144,student_4_lec_2a96290c_96318c89,lec_2a96290c,cv101,1,0.95,engaged,50.1,-0.0028,-0.0065,-0.0043,-0.0065,-0.0035,-0.0038,-133.48,-130.27,-541.76,-692.59,-3027.77,-166.58,-46.45,-157.37,4.94,3.87,0.06,2.82,3.37,2.18,2.13,2.81,1.93,1.35,3.07,5.0,1.61,2.7,2.3,3.12,0.0,2.65,2.96,0
2025-11-24T18:10:50.623319,145,student_4_lec_2a96290c_96318c89,lec_2a96290c,cv101,1,0.95,engaged,52.13,-0.0014,-0.0047,-0.0043,-0.0017,0.0036,-0.0039,-159.05,2.28,497.09,678.74,2841.23,-175.83,-15.37,29.92,4.86,3.78,0.14,3.43,3.16,1.57,2.14,2.8,1.89,1.32,3.11,5.0,1.57,2.42,2.58,3.29,0.0,2.52,2.93,0
2025-11-24T18:10:51.670429,146,student_4_lec_2a96290c_96318c89,lec_2a96290c,cv101,1,0.95,engaged,62.4,-0.0016,-0.006,-0.0039,0.0041,0.0015,-0.0034,-14.09,16.72,-581.29,-710.61,-3096.0,-165.18,-50.38,-155.94,4.57,3.48,0.43,3.11,3.15,1.89,2.09,3.06,1.65,1.16,3.35,4.91,1.38,2.26,2.74,3.12,0.0,2.4,2.83,0
2025-11-24T18:10:52.738448,147,student_4_lec_2a96290c_96318c89,lec_2a96290c,cv101,1,0.95,engaged,52.27,-0.0024,-0.0053,-0.0041,-0.0048,-0.0003,-0.0036,-138.11,-151.38,547.64,678.49,2877.45,-175.42,-15.02,30.64,4.79,3.67,0.21,3.47,3.09,1.53,2.1,2.9,1.95,1.36,3.05,5.0,1.62,2.5,2.5,3.17,0.0,2.52,2.89,0
2025-11-24T18:10:53.793155,148,student_4_lec_2a96290c_96318c89,lec_2a96290c,cv101,1,0.95,engaged,51.1,0.0007,-0.0052,-0.0041,-0.006,-0.0019,-0.0037,24.64,-140.71,559.04,689.9,2921.46,-173.82,-14.17,30.73,4.82,3.71,0.18,3.28,2.96,1.72,2.07,2.9,1.95,1.36,3.05,4.84,1.62,2.94,2.06,3.01,0.0,2.46,2.9,0
2025-11-24T18:10:54.840534,149,student_4_lec_2a96290c_96318c89,lec_2a96290c,cv101,1,0.95,engaged,62.74,0.0006,-0.0049,-0.0042,-0.0031,0.0018,-0.0037,16.1,12.02,555.9,697.83,2949.19,-172.11,-14.16,30.53,5.0,3.95,0.0,3.24,2.95,1.76,2.09,2.72,1.91,1.34,3.09,4.58,1.59,2.73,2.27,2.82,0.0,2.43,2.98,0
2025-11-24T18:10:55.899774,150,student_4_lec_2a96290c_96318c89,lec_2a96290c,cv101,1,0.95,engaged,50.55,0.0013,-0.0043,-0.0041,-0.0033,-0.0002,-0.0037,12.1,-155.48,559.92,698.7,2975.01,-174.02,-14.68,31.12,4.89,3.78,0.11,3.23,2.89,1.77,2.05,2.81,1.89,1.33,3.11,4.78,1.58,2.71,2.29,2.96,0.0,2.39,2.93,0
2025-11-24T18:10:56.948445,151,student_4_lec_2a96290c_96318c89,lec_2a96290c,cv101,1,0.95,partially_engaged,49.76,-0.0005,-0.0046,-0.0042,-0.0012,0.0009,-0.0037,-167.8,16.97,540.64,691.24,2928.85,-174.02,-14.39,30.48,4.89,3.81,0.11,2.99,2.9,2.01,2.05,2.87,2.01,1.4,2.99,4.87,1.67,2.82,2.18,3.02,0.0,2.46,2.94,0
2025-11-24T18:10:58.009666,152,student_4_lec_2a96290c_96318c89,lec_2a96290c,cv101,1,0.95,engaged,51.64,-0.0013,-0.0055,-0.0041,-0.004,-0.0031,-0.0037,-147.3,-133.7,548.12,697.84,2952.86,-175.15,-16.56,30.77,4.64,3.52,0.36,3.39,2.99,1.61,2.11,2.76,1.91,1.34,3.09,4.89,1.6,2.81,2.19,2.97,0.0,2.45,2.84,0
2025-11-24T18:10:59.078061,153,student_4_lec_2a96290c_96318c89,lec_2a96290c,cv101,1,0.95,engaged,52.27,-0.001,-0.0051,-0.0042,-0.009,-0.0037,-0.0038,-139.71,-132.87,544.35,687.98,2930.49,-175.84,-13.97,30.49,4.52,3.42,0.48,3.49,2.97,1.51,2.09,2.84,2.04,1.43,2.96,5.0,1.7,2.87,2.13,3.1,0.0,2.5,2.81,0
2025-11-24T18:11:00.122457,154,student_4_lec_2a96290c_96318c89,lec_2a96290c,cv101,1,0.95,engaged,51.33,0.0006,-0.0049,-0.0041,-0.0019,-0.0016,-0.0037,9.27,-143.26,548.24,696.33,2930.83,-176.22,-15.57,31.31,4.69,3.55,0.31,3.31,3.02,1.69,2.06,2.92,1.89,1.32,3.11,5.0,1.58,3.02,1.98,3.16,0.0,2.46,2.85,0
2025-11-24T18:11:01.181005,155,student_4_lec_2a96290c_96318c89,lec_2a96290c,cv101,1,0.95,engaged,63.69,0.0001,-0.0056,-0.0043,-0.0014,0.0016,-0.0038,9.08,15.3,537.67,688.29,2912.37,-175.17,-13.12,30.74,4.59,3.48,0.41,3.32,3.03,1.68,2.09,3.05,2.04,1.43,2.96,4.92,1.7,2.92,2.08,3.13,0.0,2.54,2.83,0
2025-11-24T18:11:02.233856,156,student_4_lec_2a96290c_96318c89,lec_2a96290c,cv101,1,0.95,engaged,50.91,-0.0013,-0.0059,-0.0041,-0.0052,-0.0052,-0.0037,-144.2,-125.26,538.15,691.05,2912.8,-175.6,-15.63,31.47,4.58,3.46,0.42,3.16,3.11,1.84,2.1,2.95,1.87,1.31,3.13,4.98,1.56,2.78,2.22,3.1,0.0,2.49,2.82,0
2025-11-24T18:11:03.288307,157,student_4_lec_2a96290c_96318c89,lec_2a96290c,cv101,0,0.0,no_face,0.0,0.0,0.0,0.0,0.0,0.0,0.0,0.0,0.0,0.0,0.0,0.0,0.0,0.0,0.0,0.0,0.0,0.0,0.0,0.0,0.0,0.0,0.0,0.0,0.0,0.0,0.0,0.0,0.0,0.0,0.0,0.0,0.0,0.0,0.0
2025-11-24T18:11:04.360385,158,student_4_lec_2a96290c_96318c89,lec_2a96290c,cv101,1,0.95,partially_engaged,46.05,-0.0028,-0.0026,-0.0034,-0.0002,-0.0039,-0.0034,-158.82,-137.55,1064.21,450.09,3457.01,-172.73,38.76,19.42,3.33,2.73,1.67,2.07,2.95,2.93,1.84,3.02,1.88,1.32,3.12,5.0,1.57,1.79,3.21,3.68,0.0,2.42,2.58,0.86
2025-11-24T18:11:05.412692,159,student_4_lec_2a96290c_96318c89,lec_2a96290c,cv101,0,0.0,no_face,0.0,0.0,0.0,0.0,0.0,0.0,0.0,0.0,0.0,0.0,0.0,0.0,0.0,0.0,0.0,0.0,0.0,0.0,0.0,0.0,0.0,0.0,0.0,0.0,0.0,0.0,0.0,0.0,0.0,0.0,0.0,0.0,0.0,0.0,0.0
2025-11-24T18:11:06.472094,160,student_4_lec_2a96290c_96318c89,lec_2a96290c,cv101,1,0.95,partially_engaged,47.36,-0.0002,0.0031,-0.003,0.0069,-0.0017,-0.0034,-30.27,-9.07,452.0,265.65,3476.72,178.45,41.99,-2.42,1.88,1.41,3.12,2.3,3.0,2.7,1.86,3.63,1.74,1.22,3.26,4.88,1.45,2.2,2.8,3.62,0.0,2.37,2.14,0.4
2025-11-24T18:11:07.528443,161,student_4_lec_2a96290c_96318c89,lec_2a96290c,cv101,1,0.95,engaged,71.14,-0.0016,0.0013,-0.0037,0.0028,-0.0039,-0.004,-6.0,12.41,416.02,260.02,3114.85,173.26,37.63,-4.11,2.37,1.92,2.63,1.99,3.4,3.01,2.03,3.98,1.87,1.31,3.13,5.0,1.56,1.9,3.1,3.86,0.0,2.63,2.31,1.02
2025-11-24T18:11:08.583035,162,student_4_lec_2a96290c_96318c89,lec_2a96290c,cv101,1,0.95,partially_engaged,48.0,-0.0002,0.0009,-0.0036,0.0082,-0.0037,-0.004,-30.84,14.59,341.93,260.28,2944.33,171.13,43.39,-7.1,2.21,1.7,2.79,2.15,3.43,2.85,2.18,4.3,1.87,1.31,3.13,5.0,1.56,1.15,3.85,4.13,0.0,2.65,2.23,0.7
2025-11-24T18:11:09.639612,163,student_4_lec_2a96290c_96318c89,lec_2a96290c,cv101,1,0.95,engaged,61.66,-0.0001,0.0013,-0.0037,0.0035,-0.0035,-0.004,-19.82,10.72,324.95,256.5,2786.72,169.72,43.15,-8.66,2.08,1.63,2.92,2.33,3.69,2.67,2.21,4.24,1.97,1.38,3.03,5.0,1.64,0.07,4.93,4.75,0.0,2.83,2.21,0.34
2025-11-24T18:11:10.693427,164,student_4_lec_2a96290c_96318c89,lec_2a96290c,cv101,1,0.95,engaged,62.31,-0.0001,0.0009,-0.0038,0.0029,-0.0032,-0.004,-17.13,12.84,314.15,258.46,2753.86,170.95,41.7,-7.31,1.95,1.45,3.05,2.3,3.9,2.7,2.26,4.78,2.06,1.44,2.94,5.0,1.71,0.0,5.0,4.85,0.0,2.98,2.15,0.4
2025-11-24T18:11:11.751924,165,student_4_lec_2a96290c_96318c89,lec_2a96290c,cv101,1,0.95,engaged,51.01,0.0004,0.0016,-0.0038,0.0037,-0.0034,-0.004,155.51,8.86,293.48,269.19,2735.5,171.65,42.38,-6.81,2.06,1.48,2.94,2.48,3.86,2.52,2.32,4.53,2.08,1.45,2.92,5.0,1.73,0.39,4.61,4.8,0.0,2.97,2.16,0.04
2025-11-24T18:11:12.806290,166,student_4_lec_2a96290c_96318c89,lec_2a96290c,cv101,1,0.95,highly_engaged,75.08,-0.0009,0.0022,-0.0041,0.0025,-0.0022,-0.0043,-8.65,-0.64,278.95,270.34,2705.25,169.61,41.11,-7.59,2.06,1.43,2.94,2.48,3.85,2.52,2.34,4.73,2.12,1.49,2.88,5.0,1.77,0.51,4.49,4.76,0.0,2.99,2.14,0.04
2025-11-24T18:11:13.867802,167,student_4_lec_2a96290c_96318c89,lec_2a96290c,cv101,1,0.95,engaged,51.56,0.0065,0.003,-0.0041,0.0017,-0.0053,-0.0044,140.87,6.96,264.32,285.92,2696.4,171.97,40.68,-6.06,2.21,1.58,2.79,2.6,3.87,2.4,2.43,4.3,2.1,1.47,2.9,5.0,1.75,1.3,3.7,4.64,0.0,2.99,2.19,0
2025-11-24T18:11:14.933223,168,student_4_lec_2a96290c_96318c89,lec_2a96290c,cv101,1,0.95,engaged,51.95,0.0015,-0.0035,-0.0042,0.0028,-0.0025,-0.0045,154.26,-145.49,260.18,308.38,2670.69,173.61,40.76,-6.08,2.27,1.6,2.73,2.75,3.84,2.25,2.48,4.32,2.01,1.41,2.99,5.0,1.68,1.46,3.54,4.48,0.0,2.92,2.2,0
2025-11-24T18:11:15.975530,169,student_4_lec_2a96290c_96318c89,lec_2a96290c,cv101,1,0.95,engaged,52.64,0.0018,-0.0013,-0.0041,0.0013,-0.0035,-0.0044,160.24,-152.04,264.03,322.58,2671.98,177.13,37.72,-4.03,2.26,1.57,2.74,2.75,4.05,2.25,2.51,4.37,2.08,1.45,2.92,5.0,1.73,1.02,3.98,4.36,0.0,3.06,2.19,0
2025-11-24T18:11:17.030671,170,student_4_lec_2a96290c_96318c89,lec_2a96290c,cv101,1,0.95,engaged,52.49,0.0013,-0.0025,-0.0042,0.002,-0.0037,-0.0045,159.16,-145.07,266.37,326.93,2685.32,177.35,37.22,-3.65,2.22,1.54,2.78,2.7,4.04,2.3,2.53,4.37,2.12,1.49,2.88,5.0,1.77,0.68,4.32,4.39,0.0,3.08,2.18,0
2025-11-24T18:11:18.087334,171,student_4_lec_2a96290c_96318c89,lec_2a96290c,cv101,1,0.95,engaged,52.99,0.0007,-0.0015,-0.0044,0.0021,-0.0084,-0.0048,163.68,-140.59,284.58,335.9,2676.17,178.14,35.51,-4.51,2.42,1.62,2.58,2.82,4.1,2.18,2.62,4.48,2.04,1.43,2.96,5.0,1.7,1.01,3.99,4.17,0.0,3.07,2.21,0
2025-11-24T18:11:19.140954,172,student_4_lec_2a96290c_96318c89,lec_2a96290c,cv101,1,0.95,engaged,53.1,0.0022,0.0012,-0.0042,0.0036,-0.004,-0.0046,146.93,12.78,274.09,346.74,2690.27,179.33,35.71,-4.55,2.32,1.6,2.68,2.85,4.04,2.15,2.6,4.26,2.11,1.48,2.89,5.0,1.76,1.27,3.73,4.13,0.0,3.08,2.2,0
2025-11-24T18:11:20.213924,173,student_4_lec_2a96290c_96318c89,lec_2a96290c,cv101,1,0.95,engaged,52.48,0.0009,-0.0008,-0.0043,0.0024,-0.0047,-0.0045,160.17,-151.79,263.53,348.61,2672.52,179.86,37.12,-3.56,2.51,1.75,2.49,2.68,4.12,2.32,2.59,4.19,2.09,1.47,2.91,5.0,1.75,1.29,3.71,4.17,0.0,3.1,2.25,0
2025-11-24T18:11:21.275051,174,student_4_lec_2a96290c_96318c89,lec_2a96290c,cv101,1,0.95,engaged,53.77,0.0015,-0.0018,-0.0043,0.0035,-0.0084,-0.0046,152.12,-138.22,307.31,367.69,2720.23,-178.74,35.09,-4.46,2.57,1.76,2.43,2.95,4.11,2.05,2.6,3.99,2.17,1.52,2.83,5.0,1.81,1.57,3.43,4.01,0.0,3.14,2.25,0
2025-11-24T18:11:22.329344,175,student_4_lec_2a96290c_96318c89,lec_2a96290c,cv101,1,0.95,engaged,54.77,0.0031,-0.0018,-0.0043,0.0025,-0.0013,-0.0045,147.56,-160.65,281.17,376.39,2704.95,-176.82,35.45,-3.02,2.23,1.45,2.77,3.1,4.24,1.9,2.56,4.14,2.12,1.49,2.88,5.0,1.77,1.27,3.73,4.07,0.0,3.18,2.15,0
2025-11-24T18:11:23.383048,176,student_4_lec_2a96290c_96318c89,lec_2a96290c,cv101,1,0.95,engaged,56.93,0.0012,-0.0045,-0.0044,0.0112,-0.0122,-0.0046,138.65,-122.24,323.83,359.84,2683.59,-177.27,32.96,-3.28,1.9,1.14,3.1,3.48,4.35,1.52,2.67,4.02,2.19,1.53,2.81,5.0,1.82,1.15,3.85,4.05,0.0,3.27,2.05,0
2025-11-24T18:11:24.526304,177,student_4_lec_2a96290c_96318c89,lec_2a96290c,cv101,1,0.95,engaged,53.23,0.0001,-0.0005,-0.0045,0.0033,-0.0055,-0.0047,161.88,-152.42,299.8,376.62,2712.09,-176.99,31.7,-2.86,2.66,1.95,2.34,2.9,4.08,2.1,2.7,3.96,2.07,1.45,2.93,5.0,1.73,1.47,3.53,3.88,0.0,3.08,2.32,0
2025-11-24T18:11:25.456211,178,student_4_lec_2a96290c_96318c89,lec_2a96290c,cv101,1,0.95,engaged,54.22,-0.0004,-0.0008,-0.0043,0.003,-0.0026,-0.0046,-14.1,-160.01,288.89,392.18,2736.32,-175.97,35.4,-2.59,2.41,1.67,2.59,3.06,4.17,1.94,2.64,3.88,2.05,1.43,2.95,5.0,1.71,1.48,3.52,3.88,0.0,3.11,2.22,0
2025-11-24T18:11:26.484990,179,student_4_lec_2a96290c_96318c89,lec_2a96290c,cv101,1,0.95,engaged,53.77,0.0014,-0.0011,-0.0044,0.0029,-0.0033,-0.0047,155.28,-155.03,288.9,381.79,2677.35,-175.83,34.46,-3.86,2.53,1.74,2.47,2.9,4.18,2.1,2.71,3.86,2.19,1.53,2.81,5.0,1.82,1.58,3.42,3.93,0.0,3.18,2.25,0
2025-11-24T18:11:27.542819,180,student_4_lec_2a96290c_96318c89,lec_2a96290c,cv101,1,0.95,engaged,54.8,0.0015,-0.0028,-0.0044,0.0044,-0.0068,-0.0048,149.43,-136.55,310.79,371.74,2649.22,-176.57,34.19,-4.02,2.41,1.59,2.59,3.04,4.3,1.96,2.71,3.94,2.22,1.55,2.78,5.0,1.85,1.5,3.5,3.82,0.0,3.26,2.2,0
